driverId,name,ssn,location,certified,wage-plan
10,Loretta Watson,074-13-0569,"424 Kimberly Hills Apt. 087
West Denisebury, PR 65554",N,miles
11,Melissa Davenport,024-23-9963,"7445 Kimberly Alley Apt. 101
North Sabrinaport, WI 29424",Y,miles
12,Timothy Miller,611-33-3704,"4741 Fuller Courts
Melodyfort, WA 40374",N,miles
13,Joe Roberts,473-48-5166,"10520 Freeman Wall
Vickimouth, MT 37387",N,hours
14,Darryl Wells,780-79-6096,"88945 William Meadows Apt. 068
Cainbury, OR 32103",N,miles
15,Timothy Hall III,845-27-8486,"913 Jonathan Cove
Stewartstad, LA 31160",N,hours
16,Elizabeth Graves,328-81-6490,"802 Contreras Island Suite 395
West Justin, UT 47936",Y,hours
17,Donna Burke,587-20-5246,"281 Jones Ramp Suite 298
Stewartside, CA 96530",N,miles
18,Aaron Brown,222-79-3693,"9927 Snyder Neck Apt. 314
West Aaron, ID 02294",N,miles
19,Tyler Green,102-67-9809,"958 Mitchell Springs Apt. 659
Lake Jonathanview, MN 40105",Y,hours
20,Meredith Green,722-37-2654,"279 Joseph Highway Suite 061
Michaelside, MT 46993",N,hours
21,Brent Goodman,534-68-6162,"1217 Francis Extension
Russoshire, MD 74962",Y,hours
22,Kathleen Jordan,850-73-4097,"2181 Rice Mall
North Sarahchester, RI 67413",N,hours
23,Jeremy Armstrong,141-47-4137,"76245 Schneider Parks Apt. 554
Donview, NE 54880",N,hours
24,Katie Wagner,699-47-3158,"1928 Amanda Manor
Port Geraldport, WI 43749",Y,miles
25,Daniel Barrera,818-19-4414,"167 Larry Street
Whiteborough, NJ 66158",N,hours
26,Brian Cordova,782-54-5214,"1810 Ronald Pine Suite 469
East Joseview, GA 90191",N,miles
27,Casey Boyd,708-01-9901,"702 Garza Estate
Scottberg, IL 30961",Y,miles
28,Paul Woods,703-94-0644,"3393 King Shoal
South Katrina, ND 33940",Y,miles
29,Joseph Scott,116-67-6012,"54308 Thomas Shoals
Lake Lisamouth, NV 18773",Y,miles
30,Christina Rice,887-36-8005,"5399 Hill Isle
New Robert, IA 17420",N,hours
31,Maria Vasquez,813-89-2493,"37435 William Mission Suite 243
Matthewsville, UT 14529",Y,miles
32,Mary Hamilton,151-99-3277,"Unit 0562 Box 5161
DPO AE 11425",Y,hours
33,Charles Fry,337-37-4050,"2060 John Court
North Alyssa, WV 63556",N,miles
34,Richard Oliver,780-80-1896,"66454 Clark Parkways
Annettechester, CO 03269",N,miles
35,Katie Cruz,407-06-6085,"24709 Davis Rue Suite 482
Williamsonland, VT 84797",Y,miles
36,Amy Miller,071-33-8174,"7655 Young Vista
East Karahaven, AL 67560",Y,hours
37,Rachel Larson,477-06-8000,"48978 Brittney Station Suite 075
North Jamesmouth, AZ 19820",Y,miles
38,Justin Bradford,652-01-0624,"965 Watson Ridges
New Tamaraview, NJ 93999",N,miles
39,Derek Perkins,345-79-0136,"3847 Kline Island Suite 920
Lake Brandon, WA 05998",Y,miles
40,Philip Dalton,471-96-6174,"72759 Christopher Hill
Stevenmouth, SD 27939",N,miles
41,Ruben Newton,390-41-9995,"PSC 8519, Box 9862
APO AP 19897",N,hours
42,Amy Perez,022-03-9394,"1311 Adams Dale Suite 621
Brookeport, NC 60393",N,hours
43,Tonya Lambert,382-37-5723,"770 Daniel Manors
Johnsonview, FM 75089",N,miles
44,Tyler Aguirre,434-50-9094,"USNS Mendez
FPO AE 62242",Y,hours
45,Robert Simon,750-27-0974,"13866 Acevedo Trail
North Tracy, VI 92595",Y,hours
46,Patrick Allen,591-36-9897,"4650 Evans Forge
West Russellmouth, AS 01500",N,miles
47,Stephanie Wilkerson,180-60-6412,"454 Allen Cape
Philipfurt, ME 89173",N,hours
48,Joshua Gray MD,464-45-3779,"876 Jeffrey Crossroad Suite 443
Tabithafurt, DE 54286",N,miles
49,Eric Miller,181-48-5111,"31596 Lisa Road
Johnmouth, AL 87273",Y,hours
50,Luis Wyatt,303-73-7833,"305 Hart Fork Apt. 865
Brianchester, NC 57109",N,miles
51,Crystal Ramirez,482-71-7479,"Unit 2013 Box 1262
DPO AA 45972",Y,hours
52,Sandra Davis,770-61-2319,"32916 Heather Knoll
Hayesport, ME 98718",N,hours
53,Maria Carpenter,657-85-9163,"379 Kimberly Mountain
Brianbury, UT 80405",N,hours
54,Anna Huang,614-11-1805,"PSC 0475, Box 9847
APO AP 44795",Y,miles
55,Kara Singleton,231-74-8070,"516 Thomas Overpass Suite 835
Woodmouth, ME 44095",N,miles
56,Christopher Jordan,364-50-5464,"99148 George Station
Tylerland, RI 92391",N,hours
57,Marie Manning,616-53-9966,"9030 Dominguez Dam Apt. 526
New Katherinetown, AR 37879",Y,hours
58,Matthew Brown,375-21-6569,"8224 Salazar Shores Apt. 548
Jeffreychester, LA 80985",Y,hours
59,Hayden Davis,401-41-7418,"PSC 9010, Box 2960
APO AP 19159",N,miles
60,Kevin White,057-39-6587,"PSC 5864, Box 4775
APO AE 51605",N,hours
61,Randy Brown,089-06-2127,"94198 Heather Branch Apt. 771
West Tylershire, KS 84495",N,hours
62,Richard Sanchez,805-20-9680,"38193 Rowe Stream Apt. 609
New Jamesburgh, MH 34995",N,hours
63,Monica George,277-09-3519,"8704 Briana Hill
Hunterport, NM 28084",Y,hours
64,Alyssa Benton,388-47-8447,"403 Jill Station
East Julialand, VT 53837",Y,hours
65,Stephanie West,131-35-0940,"2163 Christopher Manors
Mercerberg, DC 12328",Y,hours
66,Pamela Burns,805-99-1026,"37019 Cuevas Greens
Rodriguezmouth, TX 07625",N,hours
67,Kayla Poole,344-54-9377,"36124 Johnson View Suite 673
Kennethborough, SC 93122",N,hours
68,Timothy Krause,703-31-5645,"703 James Islands Apt. 538
Miguelmouth, FL 69919",Y,miles
69,Angela Mcguire DDS,181-03-5515,"6179 Michelle Streets Suite 116
Bondbury, NH 78186",Y,hours
70,William Miller,227-64-7568,"Unit 0026 Box 5000
DPO AA 01646",N,hours
71,Hayley Pineda,065-60-2491,"815 Daniel Spurs
West Monica, DC 15658",N,miles
72,Elizabeth Flores,882-43-6008,"12488 Christina Landing
East Ashley, NM 67722",Y,miles
73,Jennifer Wright,385-49-9059,"9568 John Plain
Jimenezside, WI 50298",N,hours
74,Amber Fisher,814-84-0794,"6870 Erin Locks Apt. 198
Rebeccaberg, SD 64436",N,hours
75,Amanda Burton,774-54-2882,"USNS Howard
FPO AA 59407",N,hours
76,Donald Davis,840-49-4256,"43434 Stone Parkways
South Charles, WV 52606",N,miles
77,James Anderson,118-33-0381,"221 Christensen Branch Apt. 735
East Craigmouth, NC 08273",Y,hours
78,Jeffrey Austin,831-48-2608,"Unit 4194 Box 0645
DPO AE 10186",Y,hours
79,Sarah Martinez,483-14-7243,"80773 Emily Glens Apt. 260
North Melissa, NJ 82417",N,miles
80,Jacob Rodriguez Jr.,481-72-5068,"944 Clark Isle Apt. 712
Lake Robert, GA 09312",Y,hours
81,Daniel King,218-17-5702,"Unit 5370 Box 9007
DPO AE 55583",Y,miles
82,Stacey Fisher,063-86-1190,"4641 Glenn Ranch
Chaveztown, NY 91616",N,hours
83,Amanda Anderson,785-08-6932,"0617 Garrett Run Suite 593
West Jamesborough, WY 03823",N,miles
84,Stephanie Simon,352-14-3239,"40985 Howard Park Apt. 407
Port Markmouth, CA 91506",N,hours
85,Jody Spencer,106-89-3088,"068 Price Ports
Christophermouth, TN 14371",Y,miles
86,Stacey Williams,619-93-7913,"44666 Sydney Roads
East Ryanberg, IA 48291",Y,hours
87,Sarah Mcdonald,173-69-5931,"7110 Desiree Crescent Suite 137
Nicoletown, VI 84074",N,miles
88,Mary Miller,027-24-8038,"2532 Juan Circles Suite 962
South Williammouth, AZ 30938",Y,hours
89,Kayla Walker,679-33-9489,"0146 Wells Motorway Apt. 158
East Lisastad, KY 19155",N,miles
90,Mark Thompson,634-39-4222,"385 Gabriel Circles Suite 465
Lake Phillipton, NY 21512",Y,hours
91,Diane Roberts,765-63-9362,"118 Andrade Greens Apt. 203
Port Felicia, IL 36226",Y,miles
92,Curtis Hansen,353-03-1833,"349 Porter Square Apt. 347
Ortegaton, MH 38513",Y,miles
93,John Bradford,377-47-8370,"745 Beck Springs Apt. 219
South Christopher, RI 38224",Y,miles
94,Yolanda Rivera,169-85-7944,"76172 Jennifer Ford Apt. 444
Port Ian, MI 17904",Y,miles
95,Kimberly Mills,165-61-8079,"Unit 2348 Box 6875
DPO AP 73541",Y,hours
96,Tammy James,700-32-2274,"519 Michael Crossroad
Lake Williamtown, IL 74764",Y,hours
97,Andre Schultz,791-98-9957,"728 Tyler Place
New Laura, NV 69248",N,hours
98,Jonathan Sampson,875-60-4872,"20370 Dennis Landing
Richardberg, SC 26930",N,miles
99,Monique Green,330-88-5315,"356 Maria Field
Juliehaven, MO 49898",Y,hours
100,Melissa Weaver,754-70-7769,"471 Johnson Tunnel Suite 184
North Bobby, DE 02609",N,hours
101,Debra Cooper,032-06-5927,"7965 Lee Extension Suite 505
Smithburgh, WI 79664",Y,hours
102,David Allen,211-01-4236,"277 Thompson Village
Matthewmouth, SD 11205",Y,miles
103,Donald Harrison,418-19-6104,"8743 Ramsey Brook Apt. 751
Lake Christopher, WY 01877",Y,miles
104,Kathleen Clark,336-41-8994,"Unit 0288 Box 9509
DPO AP 64055",N,miles
105,Bethany Williams,515-37-9804,"01362 Foster Meadow
Rebeccaside, WY 08977",N,hours
106,Amy Wilson,683-89-3985,"850 Brett Burg Apt. 983
New Catherineland, UT 62555",N,miles
107,Keith Johnson,006-66-1923,"605 Angela Cliff Apt. 852
Angelashire, CT 27823",Y,hours
108,Kevin Gross,285-57-0551,"6609 Julie Common
West Julietown, AL 91069",N,hours
109,April Francis,376-48-7006,"09812 Mcdonald Ville
Port Bobby, NC 62335",Y,hours
